state,total_pop,disability_category,race,gender,employed_count,disability_employed,no_disability_employed,employment_gap,poverty_count,disability_poverty,no_disability_poverty,poverty_gap
AL,427044,All,All,All,138077,32.3,74.6,42.3,117608,27.5,14.4,13.1
AK,57446,All,All,All,26466,46.1,74.9,28.8,13785,24,9.1,14.9
AZ,462266,All,All,All,203672,44.1,76,31.9,101643,22,12.1,9.9
AR,270410,All,All,All,95322,35.3,76.8,41.5,75911,28.1,14.4,13.7
CA,2094680,All,All,All,825876,39.4,73.5,34.1,470724,22.5,11.3,11.2
CO,334153,All,All,All,166776,49.9,79.9,30,64675,19.4,9.7,9.7
CT,210733,All,All,All,93481,44.4,78.3,33.9,50433,23.9,10.4,13.5
DE,63108,All,All,All,29787,47.2,76.3,29.1,13653,21.6,11.5,10.1
DC,45567,All,All,All,18345,40.3,77.8,37.5,17222,37.8,17.1,20.7
FL,1294357,All,All,All,508919,39.3,76.3,37,304721,23.5,12,11.5
GA,718796,All,All,All,279071,38.8,76,37.2,174123,24.2,12.7,11.5
HI,70655,All,All,All,28568,40.4,75.1,34.7,20003,28.3,10.4,17.9
ID,129963,All,All,All,65530,50.4,79.5,29.1,24273,18.7,10.3,8.4
IL,738699,All,All,All,307531,41.6,76.9,35.3,187135,25.3,11,14.3
IN,475999,All,All,All,193235,40.6,78.7,38.1,120215,25.3,11.7,13.6
IA,200714,All,All,All,94631,47.1,83,35.9,57854,28.8,11.7,17.1
KS,201587,All,All,All,87877,43.6,80.9,37.3,56306,27.9,11.6,16.3
KY,425527,All,All,All,143193,33.7,76,42.3,138531,32.6,14.5,18.1
LA,382524,All,All,All,130691,34.2,72.2,38,120020,31.4,17.3,14.1
ME,111109,All,All,All,39764,35.8,80.1,44.3,37853,34.1,10.9,23.2
MD,347449,All,All,All,158268,45.6,79,33.4,82539,23.8,9.3,14.5
MA,390447,All,All,All,162885,41.7,78.8,37.1,102885,26.4,11.6,14.8
MI,717556,All,All,All,267500,37.3,75.4,38.1,188470,26.3,12.2,14.1
MN,346254,All,All,All,176096,50.9,83.5,32.6,80760,23.3,8.5,14.8
MS,283513,All,All,All,94106,33.2,72.9,39.7,87026,30.7,16.8,13.9
MO,455483,All,All,All,188557,41.4,79.4,38,126640,27.8,11.7,16.1
MT,75444,All,All,All,32744,43.4,78.7,35.3,19276,25.6,11.5,14.1
NE,127695,All,All,All,67109,52.6,84.8,32.2,27349,21.4,10.7,10.7
NV,203594,All,All,All,86496,42.5,73.5,31,50241,24.7,12.2,12.5
NH,86205,All,All,All,40316,46.8,81.7,34.9,16022,18.6,7.7,10.9
NJ,442236,All,All,All,177976,40.2,76.5,36.3,95270,21.5,9.2,12.3
NM,172088,All,All,All,60122,34.9,71.2,36.3,54792,31.8,17.3,14.5
NY,1137516,All,All,All,419234,36.9,73.8,36.9,330786,29.1,13,16.1
NC,721213,All,All,All,277731,38.5,76.4,37.9,176724,24.5,13,11.5
ND,47057,All,All,All,27321,58.1,83.1,25,10371,22,11.3,10.7
OH,844365,All,All,All,333629,39.5,78.7,39.2,240989,28.5,12,16.5
OK,355773,All,All,All,146090,41.1,76.3,35.2,95550,26.9,14,12.9
OR,337722,All,All,All,143668,42.5,76.6,34.1,90697,26.9,11.9,15
PA,862692,All,All,All,340244,39.4,78,38.6,237259,27.5,11.3,16.2
RI,79542,All,All,All,33737,42.4,78,35.6,18802,23.6,13.1,10.5
SC,371131,All,All,All,132959,35.8,75.3,39.5,96339,26,14.4,11.6
SD,54749,All,All,All,28037,51.2,83.6,32.4,16383,29.9,12.6,17.3
TN,536506,All,All,All,191440,35.7,77,41.3,151658,28.3,12.4,15.9
TX,1812286,All,All,All,832902,46,75.4,29.4,403925,22.3,12.5,9.8
UT,194928,All,All,All,105165,54,80.2,26.2,38294,19.6,8.5,11.1
VT,44065,All,All,All,16705,37.9,79.3,41.4,15631,35.5,13,22.5
VA,525816,All,All,All,233508,44.4,78.8,34.4,118857,22.6,10.3,12.3
WA,515893,All,All,All,216240,41.9,77.1,35.2,121811,23.6,9.3,14.3
WV,171095,All,All,All,50814,29.7,71.3,41.6,53491,31.3,16.6,14.7
WI,361742,All,All,All,167399,46.3,82,35.7,97088,26.8,10.4,16.4
WY,37772,All,All,All,19703,52.2,80.5,28.3,8367,22.2,12.1,10.1
AL,77652,Hearing,All,All,40599,52.2,,,33689,16.3,,
AK,16161,Hearing,All,All,8489,52.5,,,5835,17.5,,
AZ,92617,Hearing,All,All,50667,54.7,,,43594,14.6,,
AR,47909,Hearing,All,All,25269,52.7,,,25442,17.9,,
CA,365481,Hearing,All,All,190961,52.2,,,171323,15,,
CO,77248,Hearing,All,All,47477,61.4,,,24796,11.6,,
CT,38726,Hearing,All,All,22650,58.4,,,16300,14.5,,
DE,11573,Hearing,All,All,6524,56.3,,,5359,14.2,,
DC,6590,Hearing,All,All,3116,47.2,,,4477,32,,
FL,229910,Hearing,All,All,123990,53.9,,,112235,13.8,,
GA,122542,Hearing,All,All,65074,53.1,,,48488,14,,
HI,14285,Hearing,All,All,8127,56.8,,,6509,12.8,,
ID,30151,Hearing,All,All,19328,64.1,,,9563,10.6,,
IL,130549,Hearing,All,All,74605,57.1,,,61508,16,,
IN,94795,Hearing,All,All,52903,55.8,,,35222,13.7,,
IA,42307,Hearing,All,All,24611,58.1,,,17730,14.3,,
KS,45597,Hearing,All,All,27547,60.4,,,16216,13.7,,
KY,85492,Hearing,All,All,39949,46.7,,,43830,20.4,,
LA,73199,Hearing,All,All,28165,38.4,,,38360,19.9,,
ME,18610,Hearing,All,All,8710,46.8,,,9946,15.7,,
MD,58476,Hearing,All,All,36976,63.2,,,19061,11.4,,
MA,62778,Hearing,All,All,35503,56.5,,,30033,14.2,,
MI,129355,Hearing,All,All,68819,53.2,,,49893,13.6,,
MN,67374,Hearing,All,All,44220,65.6,,,21147,10.9,,
MS,50519,Hearing,All,All,25044,49.5,,,22222,17.8,,
MO,83902,Hearing,All,All,46457,55.3,,,35409,14.4,,
MT,17665,Hearing,All,All,9887,55.9,,,5906,10.4,,
NE,30618,Hearing,All,All,21815,71.2,,,11285,14.8,,
NV,39244,Hearing,All,All,22507,57.3,,,18172,15.7,,
NH,17348,Hearing,All,All,11082,63.8,,,5320,10.6,,
NJ,69444,Hearing,All,All,40683,58.5,,,30133,12.7,,
NM,35694,Hearing,All,All,16234,45.4,,,21326,20.3,,
NY,180387,Hearing,All,All,94758,52.5,,,92492,16.8,,
NC,135362,Hearing,All,All,72110,53.2,,,59907,15.4,,
ND,13864,Hearing,All,All,10710,77.2,,,3248,9.9,,
OH,150061,Hearing,All,All,78985,52.6,,,63856,14.5,,
OK,75961,Hearing,All,All,42724,56.2,,,29977,14.8,,
OR,65423,Hearing,All,All,38946,59.5,,,28119,15.1,,
PA,147567,Hearing,All,All,79274,53.7,,,69053,14.9,,
RI,11732,Hearing,All,All,7165,61,,,3211,9.2,,
SC,63240,Hearing,All,All,32945,52,,,29015,15.6,,
SD,13941,Hearing,All,All,9541,68.4,,,4161,11.3,,
TN,109517,Hearing,All,All,53002,48.3,,,46770,15.8,,
TX,361517,Hearing,All,All,212980,58.9,,,140864,14.8,,
UT,40281,Hearing,All,All,28734,71.3,,,12266,11.9,,
VT,8133,Hearing,All,All,4582,56.3,,,5369,19.3,,
VA,107319,Hearing,All,All,61469,57.2,,,37352,13,,
WA,102560,Hearing,All,All,59645,58.1,,,36311,12.2,,
WV,33291,Hearing,All,All,15453,46.4,,,19665,19.6,,
WI,73772,Hearing,All,All,42424,57.5,,,29529,14.2,,
WY,9100,Hearing,All,All,5979,65.7,,,3773,13.1,,
AL,85135,Vision,All,All,31203,36.6,,,35482,23.2,,
AK,9079,Vision,All,All,5296,58.3,,,4162,24,,
AZ,91441,Vision,All,All,52208,57,,,33294,18.5,,
AR,55297,Vision,All,All,21805,39.4,,,29247,27.5,,
CA,440277,Vision,All,All,211178,47.9,,,170867,20.1,,
CO,66208,Vision,All,All,35577,53.7,,,21293,17.3,,
CT,40603,Vision,All,All,21894,53.9,,,16286,20.7,,
DE,13099,Vision,All,All,6066,46.3,,,4937,18.9,,
DC,9703,Vision,All,All,4536,46.7,,,3870,28,,
FL,259705,Vision,All,All,126129,48.5,,,117083,20.9,,
GA,149327,Vision,All,All,69295,46.4,,,62262,22.4,,
HI,12019,Vision,All,All,6019,50,,,3362,12.8,,
ID,28388,Vision,All,All,18652,65.7,,,9012,17.6,,
IL,136998,Vision,All,All,69125,50.4,,,62359,23.4,,
IN,88865,Vision,All,All,43279,48.7,,,38548,23,,
IA,33909,Vision,All,All,18131,53.4,,,13958,22.5,,
KS,34818,Vision,All,All,18283,52.5,,,16205,24.3,,
KY,89154,Vision,All,All,34688,38.9,,,47938,29.1,,
LA,96632,Vision,All,All,41732,43.1,,,49640,29.3,,
ME,14298,Vision,All,All,4757,33.2,,,7457,26.8,,
MD,63400,Vision,All,All,33869,53.4,,,23249,19.7,,
MA,64727,Vision,All,All,32962,50.9,,,28344,20.2,,
MI,113662,Vision,All,All,48583,42.7,,,49377,22.2,,
MN,46518,Vision,All,All,23434,50.3,,,20029,21.2,,
MS,70633,Vision,All,All,30111,42.6,,,35732,28.4,,
MO,89950,Vision,All,All,42477,47.2,,,38857,23.7,,
MT,13291,Vision,All,All,4540,34.1,,,5249,19.1,,
NE,26430,Vision,All,All,14622,55.3,,,9840,20.7,,
NV,45283,Vision,All,All,21174,46.7,,,20924,23.8,,
NH,14175,Vision,All,All,6791,47.9,,,4764,17.4,,
NJ,93308,Vision,All,All,48559,52,,,38741,20.7,,
NM,32792,Vision,All,All,14988,45.7,,,18175,27.7,,
NY,206577,Vision,All,All,94198,45.5,,,109147,26.5,,
NC,143324,Vision,All,All,65782,45.8,,,61628,22.6,,
ND,11957,Vision,All,All,8115,67.8,,,4781,22.6,,
OH,151355,Vision,All,All,65583,43.3,,,64794,22.5,,
OK,86238,Vision,All,All,40769,47.2,,,38613,24.9,,
OR,55212,Vision,All,All,26142,47.3,,,22573,21.3,,
PA,160422,Vision,All,All,67533,42,,,77255,24.5,,
RI,14398,Vision,All,All,8369,58.1,,,5430,21,,
SC,70780,Vision,All,All,33796,47.7,,,33736,23.1,,
SD,9761,Vision,All,All,5222,53.4,,,4962,27.2,,
TN,116871,Vision,All,All,51900,44.4,,,51381,24.1,,
TX,419128,Vision,All,All,223337,53.2,,,178338,22.6,,
UT,33735,Vision,All,All,19816,58.7,,,13855,22.6,,
VT,5703,Vision,All,All,2147,37.6,,,3109,23.5,,
VA,99562,Vision,All,All,52004,52.2,,,39080,19.5,,
WA,85945,Vision,All,All,42099,48.9,,,33704,20.4,,
WV,30818,Vision,All,All,8895,28.8,,,15606,26.3,,
WI,59657,Vision,All,All,31240,52.3,,,22441,20.7,,
WY,8004,Vision,All,All,4535,56.6,,,2993,19.2,,
AL,183141,Cognitive,All,All,48762,26.6,,,80126,26.4,,
AK,25998,Cognitive,All,All,12130,46.6,,,9771,24.7,,
AZ,205949,Cognitive,All,All,75494,36.6,,,83834,22.7,,
AR,122218,Cognitive,All,All,32258,26.3,,,58581,28.4,,
CA,955091,Cognitive,All,All,304499,31.8,,,403822,23.6,,
CO,160011,Cognitive,All,All,66927,41.8,,,47773,18.8,,
CT,98619,Cognitive,All,All,34627,35.1,,,43968,26.4,,
DE,27107,Cognitive,All,All,10465,38.6,,,10059,21.4,,
DC,20023,Cognitive,All,All,7462,37.2,,,10482,34.6,,
FL,571601,Cognitive,All,All,179537,31.4,,,257030,23.9,,
GA,317397,Cognitive,All,All,104957,33,,,129977,23.8,,
HI,34386,Cognitive,All,All,9810,28.5,,,17085,25.9,,
ID,61658,Cognitive,All,All,26176,42.4,,,21762,20.4,,
IL,320585,Cognitive,All,All,109265,34,,,142582,25.9,,
IN,210353,Cognitive,All,All,74394,35.3,,,92135,26.1,,
IA,95770,Cognitive,All,All,38546,40.2,,,47517,31.7,,
KS,99028,Cognitive,All,All,37415,37.7,,,46574,29.3,,
KY,188277,Cognitive,All,All,46338,24.6,,,106879,34.5,,
LA,172153,Cognitive,All,All,45150,26.2,,,90347,31.5,,
ME,58996,Cognitive,All,All,17561,29.7,,,33734,37.7,,
MD,152155,Cognitive,All,All,57890,38,,,64250,24.9,,
MA,190553,Cognitive,All,All,67661,35.5,,,89978,27.2,,
MI,340394,Cognitive,All,All,108610,31.9,,,155741,27.8,,
MN,184745,Cognitive,All,All,87731,47.4,,,66327,22.3,,
MS,123035,Cognitive,All,All,27426,22.2,,,63403,30.8,,
MO,211107,Cognitive,All,All,78737,37.2,,,90693,26.4,,
MT,37919,Cognitive,All,All,13857,36.5,,,16360,27.5,,
NE,53833,Cognitive,All,All,23877,44.3,,,21146,22.6,,
NV,83410,Cognitive,All,All,28355,33.9,,,38950,26.4,,
NH,42323,Cognitive,All,All,17348,40.9,,,12820,19.5,,
NJ,185139,Cognitive,All,All,54147,29.2,,,70061,20.7,,
NM,78495,Cognitive,All,All,23076,29.3,,,40079,30.5,,
NY,517427,Cognitive,All,All,156912,30.3,,,276387,30.2,,
NC,325959,Cognitive,All,All,105132,32.2,,,135588,25,,
ND,17972,Cognitive,All,All,9465,52.6,,,7212,24.1,,
OH,406879,Cognitive,All,All,140473,34.5,,,190880,28.3,,
OK,156751,Cognitive,All,All,51656,32.9,,,70266,27.9,,
OR,174169,Cognitive,All,All,58178,33.4,,,80749,29,,
PA,421866,Cognitive,All,All,139990,33.1,,,206752,29.2,,
RI,37602,Cognitive,All,All,14106,37.5,,,16186,26.1,,
SC,153828,Cognitive,All,All,48209,31.3,,,66449,25.1,,
SD,24550,Cognitive,All,All,10093,41.1,,,13218,33.7,,
TN,240740,Cognitive,All,All,66213,27.5,,,115194,28.3,,
TX,777206,Cognitive,All,All,286503,36.8,,,326905,24.3,,
UT,103270,Cognitive,All,All,49683,48.1,,,34061,21.9,,
VT,22565,Cognitive,All,All,5907,26.1,,,10297,30,,
VA,228934,Cognitive,All,All,81293,35.5,,,91875,23.4,,
WA,262075,Cognitive,All,All,89370,34.1,,,101866,24.3,,
WV,77253,Cognitive,All,All,18155,23.5,,,38230,29.7,,
WI,176760,Cognitive,All,All,73044,41.3,,,80500,29.9,,
WY,16470,Cognitive,All,All,7234,43.9,,,6764,25.8,,
AL,209788,Ambulatory,All,All,40062,19,,,100404,23.1,,
AK,19632,Ambulatory,All,All,6285,32,,,8253,22,,
AZ,184450,Ambulatory,All,All,55124,29.8,,,87118,19.2,,
AR,128378,Ambulatory,All,All,31628,24.6,,,63386,24.5,,
CA,820251,Ambulatory,All,All,205229,25,,,416428,19.8,,
CO,111403,Ambulatory,All,All,36214,32.5,,,42807,16.4,,
CT,82289,Ambulatory,All,All,22383,27.2,,,42004,21.2,,
DE,28267,Ambulatory,All,All,9976,35.2,,,9506,14.9,,
DC,20748,Ambulatory,All,All,6328,30.4,,,13941,33.9,,
FL,583227,Ambulatory,All,All,152070,26,,,291046,19.7,,
GA,317098,Ambulatory,All,All,78986,24.9,,,135744,20.1,,
HI,28670,Ambulatory,All,All,8300,28.9,,,15446,18.4,,
ID,46777,Ambulatory,All,All,15598,33.3,,,18906,17.3,,
IL,316618,Ambulatory,All,All,85829,27.1,,,159018,21.5,,
IN,207877,Ambulatory,All,All,55673,26.7,,,90711,20.5,,
IA,80060,Ambulatory,All,All,23003,28.7,,,39516,22.5,,
KS,75632,Ambulatory,All,All,21723,28.7,,,36349,21.2,,
KY,199797,Ambulatory,All,All,41069,20.5,,,110315,27.3,,
LA,169940,Ambulatory,All,All,37982,22.3,,,96113,26.8,,
ME,45789,Ambulatory,All,All,9117,19.9,,,23863,25.8,,
MD,144896,Ambulatory,All,All,45947,31.7,,,66876,20.3,,
MA,140064,Ambulatory,All,All,35667,25.4,,,82648,22.8,,
MI,302686,Ambulatory,All,All,71152,23.5,,,148383,22.1,,
MN,105314,Ambulatory,All,All,38044,36.1,,,50195,19.3,,
MS,139273,Ambulatory,All,All,28739,20.6,,,72526,26.2,,
MO,194670,Ambulatory,All,All,46137,23.7,,,97667,23,,
MT,27961,Ambulatory,All,All,9639,34.4,,,11511,16.5,,
NE,48455,Ambulatory,All,All,16969,35,,,21754,20,,
NV,89480,Ambulatory,All,All,27843,31.1,,,43518,21.5,,
NH,28796,Ambulatory,All,All,9255,32.1,,,10559,15.8,,
NJ,182319,Ambulatory,All,All,47191,25.8,,,88990,18.5,,
NM,75291,Ambulatory,All,All,16803,22.3,,,45610,28.1,,
NY,492523,Ambulatory,All,All,122257,24.8,,,299607,24.9,,
NC,326500,Ambulatory,All,All,79225,24.2,,,153147,21.7,,
ND,14815,Ambulatory,All,All,5409,36.5,,,8337,22.3,,
OH,355265,Ambulatory,All,All,89733,25.2,,,179765,22.9,,
OK,155889,Ambulatory,All,All,41564,26.6,,,72433,22.1,,
OR,121349,Ambulatory,All,All,33753,27.8,,,57057,20.5,,
PA,356698,Ambulatory,All,All,88614,24.8,,,182138,21.9,,
RI,29001,Ambulatory,All,All,6805,23.4,,,12313,18.5,,
SC,174347,Ambulatory,All,All,41485,23.7,,,85405,23,,
SD,20601,Ambulatory,All,All,5886,28.5,,,12666,25.5,,
TN,253557,Ambulatory,All,All,58214,22.9,,,124292,23.8,,
TX,755709,Ambulatory,All,All,243067,32.1,,,351493,21.1,,
UT,64731,Ambulatory,All,All,26577,41,,,22384,17.2,,
VT,14670,Ambulatory,All,All,3073,20.9,,,9132,25.5,,
VA,224836,Ambulatory,All,All,68451,30.4,,,96149,19.2,,
WA,186399,Ambulatory,All,All,49053,26.3,,,87567,20.2,,
WV,82894,Ambulatory,All,All,15111,18.2,,,45338,26.2,,
WI,131401,Ambulatory,All,All,39633,30.1,,,63761,21.4,,
WY,14667,Ambulatory,All,All,4905,33.4,,,6782,20.8,,
AL,61183,Self-Care,All,All,6951,11.3,,,31104,22.8,,
AK,7973,Self-Care,All,All,2198,27.5,,,3390,25.1,,
AZ,61460,Self-Care,All,All,11065,18,,,30467,18.9,,
AR,45521,Self-Care,All,All,6104,13.4,,,26726,28.2,,
CA,365270,Self-Care,All,All,48555,13.2,,,218657,22.5,,
CO,41729,Self-Care,All,All,7764,18.6,,,16069,16.9,,
CT,34724,Self-Care,All,All,7212,20.7,,,20105,25.1,,
DE,11875,Self-Care,All,All,2777,23.3,,,5506,21.5,,
DC,6452,Self-Care,All,All,1077,16.6,,,4859,36.4,,
FL,212067,Self-Care,All,All,37072,17.4,,,120461,22.1,,
GA,109603,Self-Care,All,All,18763,17.1,,,54359,22.1,,
HI,11346,Self-Care,All,All,1785,15.7,,,5303,15.9,,
ID,18078,Self-Care,All,All,3136,17.3,,,9261,20.6,,
IL,122424,Self-Care,All,All,19660,16,,,66123,23.6,,
IN,74327,Self-Care,All,All,12268,16.5,,,36417,23.3,,
IA,28822,Self-Care,All,All,5886,20.4,,,16853,26.9,,
KS,29915,Self-Care,All,All,3922,13.1,,,14757,23.6,,
KY,72281,Self-Care,All,All,9185,12.7,,,41850,28.1,,
LA,65208,Self-Care,All,All,9199,14.1,,,38940,27.9,,
ME,16038,Self-Care,All,All,1339,8.3,,,9592,30.5,,
MD,47933,Self-Care,All,All,8675,18,,,27483,23.4,,
MA,58197,Self-Care,All,All,9260,15.9,,,37299,24.4,,
MI,117444,Self-Care,All,All,14862,12.6,,,63288,25.7,,
MN,46786,Self-Care,All,All,12773,27.3,,,26471,22.5,,
MS,45760,Self-Care,All,All,5101,11.1,,,27238,29.5,,
MO,71063,Self-Care,All,All,11868,16.7,,,42982,28.8,,
MT,10839,Self-Care,All,All,2508,23.1,,,5962,24.1,,
NE,16548,Self-Care,All,All,3922,23.7,,,9171,24.9,,
NV,30717,Self-Care,All,All,4771,15.5,,,19503,25.7,,
NH,12970,Self-Care,All,All,3434,26.4,,,4507,18.7,,
NJ,78150,Self-Care,All,All,12395,15.8,,,44269,22.1,,
NM,32061,Self-Care,All,All,5919,18.4,,,18813,29,,
NY,198077,Self-Care,All,All,25429,12.8,,,140306,27.8,,
NC,110804,Self-Care,All,All,18478,16.6,,,56326,22.2,,
ND,3847,Self-Care,All,All,1178,30.6,,,2184,19.2,,
OH,121345,Self-Care,All,All,19009,15.6,,,67364,24.2,,
OK,46235,Self-Care,All,All,7237,15.6,,,25439,25,,
OR,50336,Self-Care,All,All,8799,17.4,,,29278,24.9,,
PA,134141,Self-Care,All,All,21735,16.2,,,73625,24.5,,
RI,12436,Self-Care,All,All,1450,11.6,,,6327,23.7,,
SC,61556,Self-Care,All,All,8645,14,,,31721,23.2,,
SD,7314,Self-Care,All,All,793,10.8,,,4795,29.2,,
TN,83397,Self-Care,All,All,12136,14.5,,,47130,25.5,,
TX,276165,Self-Care,All,All,46771,16.9,,,157923,24.9,,
UT,23217,Self-Care,All,All,6219,26.7,,,8761,18.5,,
VT,6185,Self-Care,All,All,471,7.6,,,3718,27.1,,
VA,82485,Self-Care,All,All,15319,18.5,,,40554,20.5,,
WA,72493,Self-Care,All,All,10437,14.3,,,40988,24.5,,
WV,31477,Self-Care,All,All,2647,8.4,,,23333,34.4,,
WI,57350,Self-Care,All,All,8973,15.6,,,29886,25,,
WY,4750,Self-Care,All,All,1017,21.4,,,2944,29.4,,
AL,150441,Independent Living,All,All,20900,13.8,,,65235,23.1,,
AK,19396,Independent Living,All,All,4180,21.5,,,7337,25.3,,
AZ,154822,Independent Living,All,All,36283,23.4,,,61400,19.5,,
AR,102928,Independent Living,All,All,15298,14.8,,,48361,26.6,,
CA,783774,Independent Living,All,All,150309,19.1,,,382386,21.9,,
CO,109735,Independent Living,All,All,30503,27.7,,,37112,18.2,,
CT,75964,Independent Living,All,All,15758,20.7,,,39607,25.2,,
DE,23182,Independent Living,All,All,6444,27.7,,,7762,17.3,,
DC,11291,Independent Living,All,All,2294,20.3,,,7856,34,,
FL,447811,Independent Living,All,All,85645,19.1,,,215741,21.3,,
GA,250740,Independent Living,All,All,42353,16.8,,,101953,21.3,,
HI,26466,Independent Living,All,All,7553,28.5,,,11326,16.7,,
ID,39248,Independent Living,All,All,8616,21.9,,,17516,21.7,,
IL,268220,Independent Living,All,All,56873,21.2,,,121715,22,,
IN,169871,Independent Living,All,All,38130,22.4,,,70396,22.4,,
IA,70035,Independent Living,All,All,19569,27.9,,,33358,25.1,,
KS,75403,Independent Living,All,All,17792,23.5,,,32443,24.4,,
KY,153865,Independent Living,All,All,21914,14.2,,,85883,30,,
LA,131666,Independent Living,All,All,21904,16.6,,,72147,29,,
ME,48499,Independent Living,All,All,11042,22.7,,,25118,31.4,,
MD,106398,Independent Living,All,All,23872,22.4,,,50591,21.5,,
MA,140821,Independent Living,All,All,32051,22.7,,,74075,24.5,,
MI,273744,Independent Living,All,All,48070,17.5,,,124118,24.1,,
MN,125635,Independent Living,All,All,42706,33.9,,,53337,22.1,,
MS,99032,Independent Living,All,All,12835,12.9,,,51484,28.5,,
MO,157561,Independent Living,All,All,34367,21.8,,,70076,23.5,,
MT,25317,Independent Living,All,All,6560,25.9,,,12369,25,,
NE,36130,Independent Living,All,All,12425,34.3,,,14100,19.2,,
NV,64174,Independent Living,All,All,13130,20.4,,,32046,23.9,,
NH,31444,Independent Living,All,All,9339,29.7,,,11972,20.9,,
NJ,164983,Independent Living,All,All,28919,17.5,,,77060,20.8,,
NM,65059,Independent Living,All,All,13126,20.1,,,35887,29.4,,
NY,436592,Independent Living,All,All,69615,15.9,,,267856,27.5,,
NC,255865,Independent Living,All,All,44637,17.4,,,113696,23.5,,
ND,9697,Independent Living,All,All,2306,23.7,,,6175,27.7,,
OH,286282,Independent Living,All,All,62336,21.7,,,133747,24,,
OK,119785,Independent Living,All,All,23373,19.5,,,52603,24,,
OR,124720,Independent Living,All,All,30028,24,,,55933,24.2,,
PA,315910,Independent Living,All,All,62660,19.8,,,158307,25.1,,
RI,30055,Independent Living,All,All,5898,19.6,,,12130,21.8,,
SC,125691,Independent Living,All,All,25228,20,,,60021,23.8,,
SD,15299,Independent Living,All,All,3942,25.7,,,9961,32.7,,
TN,191409,Independent Living,All,All,30466,15.9,,,86474,24,,
TX,589083,Independent Living,All,All,130871,22.2,,,261527,22.6,,
UT,67291,Independent Living,All,All,19382,28.8,,,21660,19.6,,
VT,16157,Independent Living,All,All,3145,19.4,,,8270,26.9,,
VA,176496,Independent Living,All,All,38111,21.5,,,70678,19.7,,
WA,181137,Independent Living,All,All,38126,21,,,80878,23.5,,
WV,62089,Independent Living,All,All,8324,13.4,,,34478,29,,
WI,131964,Independent Living,All,All,34281,25.9,,,60487,25.9,,
WY,11402,Independent Living,All,All,3368,29.5,,,5707,24.1,,
AL,258388,All,White,All,87984,34.1,76,41.9,98809,18.7,11.6,7.4
AK,33423,All,White,All,14783,44.2,77.6,33.4,9409,16,7.1,8.9
AZ,243468,All,White,All,108061,44.4,77.5,33.1,88006,15,8.9,6.1
AR,187888,All,White,All,67602,36,77.6,41.6,80017,21.1,13.4,7.6
CA,774866,All,White,All,301156,38.9,75.3,36.4,303927,16.6,8.7,8.3
CO,204100,All,White,All,105538,51.7,81.4,29.7,58428,13.5,7.7,6.3
CT,119917,All,White,All,53809,44.9,79.4,34.5,43015,15.4,7.2,7.8
DE,37632,All,White,All,17502,46.5,75.9,29.4,10164,11.9,7.9,4.1
DC,7893,All,White,All,4925,62.4,86.2,23.8,3349,22.4,9.3,12.7
FL,689090,All,White,All,271218,39.4,76.4,37,263039,15,9.9,5.1
GA,352080,All,White,All,141446,40.2,77.1,36.9,116304,15.5,9.9,5.1
HI,15211,All,White,All,5447,35.8,74.9,39.1,7382,19.7,12,8
ID,103297,All,White,All,50047,48.4,80,31.6,34677,15.9,10,6
IL,436443,All,White,All,186325,42.7,79.6,36.9,165749,17.4,8.4,8.6
IN,364907,All,White,All,150529,41.3,79.8,38.5,130602,18,10.4,7.6
IA,162742,All,White,All,74291,45.6,84.3,38.7,67376,19.8,9.8,10.2
KS,144703,All,White,All,66102,45.7,82.1,36.4,53289,17.9,9.7,8.3
KY,360666,All,White,All,119237,33.1,76.4,43.3,176677,26.3,14.4,11.6
LA,207333,All,White,All,74481,35.9,76.1,40.2,84878,20,11.6,8.4
ME,99426,All,White,All,35207,35.4,80.4,45,47510,25,10.7,14.3
MD,160071,All,White,All,78659,49.1,81,31.9,50858,14.4,6.5,7.5
MA,260182,All,White,All,111009,42.7,80.6,37.9,100693,17.6,8.6,9.4
MI,496552,All,White,All,193928,39.1,77.1,38,191486,18.7,10.5,8.5
MN,257440,All,White,All,132845,51.6,84.7,33.1,86773,16.4,7.3,8.7
MS,150704,All,White,All,52379,34.8,76.8,42,58772,19.2,10.8,8.2
MO,344601,All,White,All,146557,42.5,80.6,38.1,134245,19.3,10.6,8.4
MT,60984,All,White,All,27166,44.5,79.8,35.3,22691,17,10,7
NE,102076,All,White,All,55985,54.8,85.9,31.1,32441,16,8.5,7.5
NV,102830,All,White,All,42868,41.7,74,32.3,42068,18.6,10.4,8.6
NH,76507,All,White,All,35760,46.7,82.1,35.4,22996,15.2,7.7,7.3
NJ,224445,All,White,All,91057,40.6,78.7,38.1,73771,13.3,6.7,6.3
NM,56861,All,White,All,20070,35.3,73.6,38.3,26444,19.8,13.3,6.7
NY,577919,All,White,All,227852,39.4,77.6,38.2,235678,18,9.9,8.1
NC,437032,All,White,All,172631,39.5,77.6,38.1,155303,16.8,9.7,7.3
ND,34364,All,White,All,20300,59.1,84.8,25.7,13732,18.5,8.9,10.1
OH,627105,All,White,All,251303,40.1,80,39.9,252526,19.6,10.4,9.6
OK,229758,All,White,All,96432,42,77.3,35.3,93453,20,12.6,7.4
OR,249985,All,White,All,101964,40.8,76.9,36.1,101913,20.5,10.7,9.3
PA,578034,All,White,All,243311,42.1,79.7,37.6,229787,17.9,9.3,8.7
RI,51122,All,White,All,21951,42.9,80.1,37.2,15994,15.3,9.5,5.5
SC,218415,All,White,All,79727,36.5,76.6,40.1,76900,16.4,10.5,5.5
SD,39786,All,White,All,22772,57.2,87.4,30.2,16163,18.2,8.1,9.9
TN,397369,All,White,All,142887,36,77.8,41.8,162429,20.5,10.9,10.1
TX,745091,All,White,All,350545,47,78.1,31.1,232706,14.5,8.4,5.6
UT,151192,All,White,All,78808,52.1,80.8,28.7,44018,16,7,9
VT,39645,All,White,All,14638,36.9,79.8,42.9,19603,24.5,10.8,14.2
VA,310264,All,White,All,139117,44.8,79.7,34.9,104224,15.7,8.1,7.9
WA,355403,All,White,All,145649,41,77.9,36.9,124978,17.2,7.8,9.2
WV,153157,All,White,All,45291,29.6,71.4,41.8,74542,24.8,15.4,9.6
WI,275833,All,White,All,132310,48,83.3,35.3,106079,18.9,8.6,10.4
WY,29288,All,White,All,15393,52.6,81.4,28.8,10694,16.8,10.5,6.5
AL,130605,All,Black,All,33919,26,71.3,45.3,65946,30.6,25.2,5.8
AK,3365,All,Black,All,923,27.4,74.8,47.4,1986,37.4,22.7,14.3
AZ,26591,All,Black,All,11639,43.8,77.9,34.1,8642,22,18.4,3.6
AR,45422,All,Black,All,13668,30.1,73.5,43.4,25584,32.9,27.6,5.4
CA,182482,All,Black,All,58072,31.8,69.1,37.3,93773,29,19.1,9.9
CO,16876,All,Black,All,8172,48.4,79.2,30.8,7067,27.2,18.5,8.5
CT,25359,All,Black,All,9768,38.5,79.3,40.8,11566,28.3,15,13
DE,13378,All,Black,All,4737,35.4,77,41.6,4179,17.3,19.5,-2.5
DC,29770,All,Black,All,9752,32.8,65.4,32.6,16314,32,29.3,2.7
FL,201786,All,Black,All,72093,35.7,74.3,38.6,109335,29.3,19.9,9.1
GA,257130,All,Black,All,92856,36.1,74.8,38.7,120029,27.6,20.3,7.7
HI,2282,All,Black,All,753,33,59.9,26.9,1618,37.9,25.8,12.2
ID,515,All,Black,All,131,25.4,83.3,57.9,373,37.7,35.4,2.6
IL,140809,All,Black,All,45603,32.4,66.5,34.1,80337,32.3,24.3,7.7
IN,48114,All,Black,All,14614,30.4,74.8,44.4,25798,30.7,20.4,10.6
IA,6407,All,Black,All,2281,35.6,69.1,33.5,4463,46.3,32,14
KS,15573,All,Black,All,4681,30.1,73.5,43.4,11174,46,26.2,19.8
KY,25751,All,Black,All,7963,30.9,73.9,43,14975,31.9,25.3,6.7
LA,133760,All,Black,All,41329,30.9,65.1,34.2,84316,37.2,32.4,4.6
ME,1957,All,Black,All,1182,60.4,78.1,17.7,802,25.3,37.9,-12.9
MD,126895,All,Black,All,49975,39.4,77.5,38.1,57153,25.6,14,12
MA,29636,All,Black,All,12939,43.7,77,33.3,14579,27.8,15.9,12.1
MI,133094,All,Black,All,37301,28,67,39,72809,32.8,25.9,7.1
MN,30996,All,Black,All,14007,45.2,77.9,32.7,16867,33.8,15.4,18.6
MS,109788,All,Black,All,33082,30.1,67.5,37.4,69202,38.6,31.1,7.9
MO,57160,All,Black,All,20032,35,73.9,38.9,31538,32.4,22.8,9.2
MT,172,All,Black,All,26,15.1,85.2,70.1,102,14.5,18.9,-3.9
NE,6036,All,Black,All,1364,22.6,73.4,50.8,3161,33.6,22.9,11.1
NV,19276,All,Black,All,5968,31,66.6,35.6,10863,32.5,25.4,7.6
NH,1300,All,Black,All,1183,91,83.8,-7.2,,,5.3,
NJ,80224,All,Black,All,23238,29,73.4,44.4,36558,26,15.7,10.3
NM,3516,All,Black,All,309,8.8,64,55.2,1594,33.3,26.5,6.5
NY,190642,All,Black,All,58967,30.9,68.2,37.3,111108,31.5,19.9,11.1
NC,174428,All,Black,All,60275,34.6,74.1,39.5,83171,27.4,21.8,5.2
ND,2066,All,Black,All,1401,67.8,86.6,18.8,242,10,14.3,-4.3
OH,119716,All,Black,All,43853,36.6,72.3,35.7,72115,35.4,27.6,7.4
OK,25734,All,Black,All,8687,33.8,73.8,40,12573,28.5,28.7,0.3
OR,7158,All,Black,All,2595,36.3,70.4,34.1,2618,21.9,20.9,1.1
PA,125898,All,Black,All,36607,29.1,70.7,41.6,77692,36.5,23.3,13.7
RI,5710,All,Black,All,2884,50.5,72.8,22.3,3074,37.2,26,11
SC,111704,All,Black,All,34190,30.6,73,42.4,62957,32.4,24.5,7.5
SD,1925,All,Black,All,814,42.3,79.9,37.6,752,28.9,10.2,18.8
TN,81230,All,Black,All,24266,29.9,74.5,44.6,46554,33,21.7,11.3
TX,270702,All,Black,All,109447,40.4,74.1,33.7,125388,27.2,19.4,7.6
UT,2025,All,Black,All,1040,51.4,75.8,24.4,1001,29.8,21.2,8.8
VT,397,All,Black,All,316,79.6,74.1,-5.5,13,2,27.6,-25.6
VA,119182,All,Black,All,44355,37.2,77.2,40,58268,27.6,17.3,10.7
WA,22316,All,Black,All,7930,35.5,70.8,35.3,8821,24.2,20.5,3.5
WV,5399,All,Black,All,1515,28.1,68.1,40,4356,47.6,30.9,17.1
WI,34236,All,Black,All,10377,30.3,70.9,40.6,19066,40.3,27.3,12.7
WY,575,All,Black,All,,,83.6,,,,47.5,
AL,1610,All,Asian,All,865,53.7,76.8,23.1,937,23.7,11.2,12.8
AK,1532,All,Asian,All,1092,71.3,72.2,0.9,746,28.5,4.8,23.2
AZ,8290,All,Asian,All,4069,49.1,77.9,28.8,3353,17.9,11.3,6.7
AR,1958,All,Asian,All,730,37.3,76.9,39.6,285,10.8,10.2,0.8
CA,191307,All,Asian,All,77358,40.4,73.6,33.2,88553,17.4,10.1,6.9
CO,8930,All,Asian,All,5527,61.9,78.5,16.6,1585,10.4,9.5,0.5
CT,5652,All,Asian,All,3099,54.8,74.5,19.7,1564,13.5,10.8,2.2
DE,910,All,Asian,All,650,71.4,75.4,4,161,8.7,7.6,1.4
DC,759,All,Asian,All,433,57,81,24,924,60,20.2,39.8
FL,23167,All,Asian,All,10364,44.7,74.9,30.2,8375,16.3,9.9,6.1
GA,12119,All,Asian,All,5911,48.8,75,26.2,4794,17.7,11.3,6.7
HI,17697,All,Asian,All,8268,46.7,78.6,31.9,7476,11.4,7.4,3.6
ID,1452,All,Asian,All,442,30.4,79.3,48.9,1252,58.1,12.5,45.5
IL,22092,All,Asian,All,9901,44.8,77.2,32.4,10662,19.9,10.9,9.1
IN,5751,All,Asian,All,3808,66.2,70.8,4.6,2073,21.6,21,1
IA,2439,All,Asian,All,1214,49.8,73.5,23.7,614,15.4,16.1,-1.1
KS,3263,All,Asian,All,1891,58,79.5,21.5,1247,25.5,10.3,14.7
KY,1600,All,Asian,All,822,51.4,73.2,21.8,640,16.6,10.4,6.6
LA,3460,All,Asian,All,1107,32,68.2,36.2,1292,18.7,18.4,0.6
ME,1906,All,Asian,All,877,46,70.8,24.8,1035,37.7,30.1,7.9
MD,11705,All,Asian,All,5676,48.5,76,27.5,4248,15.2,9.2,5.8
MA,13767,All,Asian,All,6593,47.9,76,28.1,7424,25.3,13.7,11.3
MI,9393,All,Asian,All,3948,42,74.4,32.4,2221,11.6,10.9,1.1
MN,13342,All,Asian,All,6323,47.4,81.4,34,5594,21.3,13,8
MS,473,All,Asian,All,424,89.6,71.6,-18,85,6.6,13.7,-6.7
MO,3946,All,Asian,All,2319,58.8,74.7,15.9,1644,19.6,13.1,6.9
MT,420,All,Asian,All,,,70.6,,,,32,
NE,1674,All,Asian,All,455,27.2,79.5,52.3,306,10.8,13,-2
NV,12265,All,Asian,All,7042,57.4,73.3,15.9,4392,16.2,11.7,4.3
NH,1363,All,Asian,All,817,59.9,74.6,14.7,330,15.4,10.7,4.3
NJ,20162,All,Asian,All,9578,47.5,75.7,28.2,5491,10.8,6.1,4.9
NM,1997,All,Asian,All,958,48,73.9,25.9,520,17.9,9.4,8.6
NY,54131,All,Asian,All,19197,35.5,69.3,33.8,32158,24.4,15.9,8.1
NC,10463,All,Asian,All,5185,49.6,74,24.4,2321,11.3,9.3,1.7
ND,479,All,Asian,All,479,,90.9,,231,27.8,10.3,17.7
OH,8118,All,Asian,All,2905,35.8,75.4,39.6,3389,21.8,11.5,10.5
OK,3648,All,Asian,All,1418,38.9,75.2,36.3,1123,16.8,15.7,1.3
OR,8924,All,Asian,All,4276,47.9,74.1,26.2,2805,17.3,11.7,5.3
PA,18530,All,Asian,All,7961,43,74.3,31.3,6821,17.6,13.9,4.1
RI,2384,All,Asian,All,491,20.6,73.2,52.6,978,27.3,19.2,7.8
SC,4599,All,Asian,All,2444,53.1,74.7,21.6,1247,14.9,17,-2
SD,604,All,Asian,All,574,95,85.3,-9.7,30,3.7,16.8,-12.8
TN,4615,All,Asian,All,1851,40.1,72.8,32.7,1483,20.6,10.8,10.2
TX,40098,All,Asian,All,22072,55,74.8,19.8,13460,14.6,8.6,6.4
UT,3704,All,Asian,All,2054,55.5,81.1,25.6,979,14.7,5.7,9.3
VT,279,All,Asian,All,,,72.4,,279,100,14.9,85.1
VA,18129,All,Asian,All,9661,53.3,75.4,22.1,4528,11.4,8.3,2.7
WA,24389,All,Asian,All,11610,47.6,76.4,28.8,11623,20.4,8.9,11.1
WV,396,All,Asian,All,324,81.8,74.5,-7.3,130,18,16.5,1.5
WI,6139,All,Asian,All,2223,36.2,79.8,43.6,1372,13.6,13.4,0.6
WY,94,All,Asian,All,59,62.8,54.9,-7.9,,,30.6,
AL,23341,All,Other,All,8735,37.4,73.6,36.2,10178,25.8,17.6,8.4
AK,14065,All,Other,All,5753,40.9,68.7,27.8,7077,27.2,17.1,9.9
AZ,43064,All,Other,All,16941,39.3,67.6,28.3,22761,29.4,20.4,8.6
AR,24858,All,Other,All,7964,32,76.8,44.8,10392,25.7,15.3,10.7
CA,133546,All,Other,All,53448,40,72.5,32.5,55267,23.4,12.8,10.2
CO,26819,All,Other,All,12581,46.9,77.7,30.8,7081,17.9,11.9,6.1
CT,12268,All,Other,All,5000,40.8,76.9,36.1,3892,21.1,11.7,9.3
DE,5461,All,Other,All,3379,61.9,76.1,14.2,2526,33.6,16.7,17.3
DC,3229,All,Other,All,1035,32.1,78.2,46.1,2012,43.2,16.4,26.6
FL,71018,All,Other,All,28469,40.1,74,33.9,28989,24.5,13.7,11.3
GA,44727,All,Other,All,15362,34.3,74.1,39.8,15020,20.6,16,5
HI,24922,All,Other,All,10694,42.9,72.3,29.4,10743,24.2,14.7,9.3
ID,8904,All,Other,All,5068,56.9,72.6,15.7,3207,17.3,16,1
IL,39713,All,Other,All,17397,43.8,75.7,31.9,17144,26.2,14.1,11.9
IN,29694,All,Other,All,12950,43.6,77.8,34.2,12988,25.7,17,9
IA,14364,All,Other,All,7652,53.3,81,27.7,5570,25.9,16.4,9.6
KS,16462,All,Other,All,7478,45.4,76.8,31.4,7124,27.6,17.1,10.9
KY,29269,All,Other,All,11406,39,73.7,34.7,15005,33,19.1,13.9
LA,24699,All,Other,All,7599,30.8,69.8,39,17402,40.9,23.3,17.7
ME,4980,All,Other,All,1061,21.3,77.1,55.8,3510,34.1,11.5,22.5
MD,21336,All,Other,All,9491,44.5,76.9,32.4,9577,26.5,11.1,15.9
MA,25088,All,Other,All,10984,43.8,76.2,32.4,11685,27.1,12.1,14.9
MI,44750,All,Other,All,17210,38.5,74.4,35.9,19698,25.9,14.8,11.2
MN,23995,All,Other,All,11475,47.8,77.6,29.8,8906,22.1,14.6,7.4
MS,16619,All,Other,All,5171,31.1,70.6,39.5,7505,29.1,24.6,4.4
MO,32482,All,Other,All,11378,35,77.3,42.3,16969,31.5,15.1,15.9
MT,10223,All,Other,All,3933,38.5,71.4,32.9,5637,31.3,22.9,8.1
NE,5213,All,Other,All,1894,36.3,82.5,46.2,3504,30,19.4,10.6
NV,18682,All,Other,All,6967,37.3,71.9,34.6,8965,28.9,13.9,15.1
NH,4556,All,Other,All,1778,39,83.3,44.3,862,12.6,8.8,4.2
NJ,19715,All,Other,All,9649,48.9,73.7,24.8,7039,20,9.3,10.7
NM,20918,All,Other,All,6889,32.9,63.2,30.3,13002,34.9,24.1,10.9
NY,65533,All,Other,All,25472,38.9,73,34.1,31180,27.8,15.8,12.2
NC,51083,All,Other,All,17770,34.8,75,40.2,23766,27,16.9,10.1
ND,8065,All,Other,All,4201,52.1,69.9,17.8,3808,30.8,18.6,12.4
OH,53992,All,Other,All,20388,37.8,76.3,38.5,25605,28.7,18.7,10.3
OK,67090,All,Other,All,24852,37,73.1,36.1,31131,27.8,16.6,11.4
OR,32687,All,Other,All,12964,39.7,75.5,35.8,11510,22.6,14.9,8.1
PA,46763,All,Other,All,19622,42,77.5,35.5,20547,28.6,16.9,12.1
RI,6308,All,Other,All,2606,41.3,82.1,40.8,2842,26.7,15.8,11.2
SC,20783,All,Other,All,9165,44.1,71.4,27.3,9699,29.5,20.3,9.7
SD,8760,All,Other,All,1386,15.8,55.8,40,6446,45.9,41.6,4.4
TN,33737,All,Other,All,12338,36.6,77.1,40.5,13830,24.2,17.9,6.1
TX,88158,All,Other,All,42249,47.9,75.3,27.4,29809,19.8,12.9,7.1
UT,13262,All,Other,All,6971,52.6,77.3,24.7,5047,26.1,11,15
VT,3402,All,Other,All,1751,51.5,75.1,23.6,1313,29.6,19.4,10.6
VA,34992,All,Other,All,15551,44.4,77.8,33.4,11408,19.7,11.1,8.9
WA,52998,All,Other,All,21736,41,73.7,32.7,18369,22.2,10.8,11.2
WV,9911,All,Other,All,2111,21.3,69,47.7,5112,34.4,24.9,9.1
WI,21458,All,Other,All,10971,51.1,77.3,26.2,8972,26.6,14.8,12.2
WY,3034,All,Other,All,1200,39.6,72.3,32.7,1374,28.1,15.1,12.9
AL,13100,All,Hispanic,All,6574,50.2,72.2,22,5185,27.1,25.2,1.8
AK,5061,All,Hispanic,All,3915,77.4,76.3,-1.1,1588,24.4,14,10
AZ,140853,All,Hispanic,All,62962,44.7,75.1,30.4,56586,22.6,17.3,5.7
AR,10284,All,Hispanic,All,5358,52.1,76.4,24.3,4299,25.5,22.5,3.5
CA,812479,All,Hispanic,All,335842,41.3,72.8,31.5,295473,20.5,15.6,4.4
CO,77428,All,Hispanic,All,34958,45.1,76.4,31.3,24626,18.9,15.5,3.5
CT,47537,All,Hispanic,All,21805,45.9,75.7,29.8,24471,31.6,19.3,12.7
DE,5727,All,Hispanic,All,3519,61.4,77.6,16.2,3333,31.9,19.8,12.2
DC,3916,All,Hispanic,All,2200,56.2,82.9,26.7,1425,24.6,12.2,12.8
FL,309296,All,Hispanic,All,126775,41,77.6,36.6,152023,24.6,15.4,9.6
GA,52740,All,Hispanic,All,23496,44.6,75.5,30.9,18264,21.3,20.8,0.2
HI,10543,All,Hispanic,All,3406,32.3,72.8,40.5,4616,27.6,14,14
ID,15795,All,Hispanic,All,9842,62.3,79.6,17.3,4111,17.7,14.4,3.6
IL,99642,All,Hispanic,All,48305,48.5,75.9,27.4,32894,19.4,14.7,4.3
IN,27533,All,Hispanic,All,11334,41.2,75.2,34,12623,26.2,19.4,6.6
IA,14762,All,Hispanic,All,9193,62.3,80.1,17.8,8883,39.6,16.8,23.2
KS,21586,All,Hispanic,All,7725,35.8,79,43.2,10765,32.6,17.3,15.7
KY,8241,All,Hispanic,All,3765,45.7,75.8,30.1,4555,30.2,27,3
LA,13272,All,Hispanic,All,6175,46.5,73,26.5,5300,22.5,22.3,0.7
ME,2840,All,Hispanic,All,1437,50.6,81.8,31.2,517,13.2,10.9,2.1
MD,27442,All,Hispanic,All,14467,52.7,77.2,24.5,9558,20.1,16.8,3.2
MA,61774,All,Hispanic,All,21360,34.6,73.3,38.7,41454,37.7,23.3,14.7
MI,33767,All,Hispanic,All,15113,44.8,73.7,28.9,12072,22.9,19.5,3.5
MN,20481,All,Hispanic,All,11446,55.9,80.2,24.3,7070,20.7,13.3,7.7
MS,5929,All,Hispanic,All,3050,51.4,70.5,19.1,2223,21.4,26.2,-5.2
MO,17294,All,Hispanic,All,8271,47.8,76.6,28.8,7182,26.8,17.8,9.2
MT,3645,All,Hispanic,All,1619,44.4,74.2,29.8,456,7.7,17.8,-9.8
NE,12696,All,Hispanic,All,7411,58.4,84.7,26.3,5790,25.8,16.4,9.6
NV,50541,All,Hispanic,All,23651,46.8,75.1,28.3,17415,20.6,16,5
NH,2479,All,Hispanic,All,778,31.4,75.9,44.5,1311,27.1,13,14
NJ,97690,All,Hispanic,All,44454,45.5,74.3,28.8,47779,26.4,18.6,7.4
NM,88796,All,Hispanic,All,31896,35.9,71.8,35.9,44723,28.4,20.3,7.7
NY,249291,All,Hispanic,All,87746,35.2,69.8,34.6,161442,35.5,20.3,15.7
NC,48207,All,Hispanic,All,21870,45.4,75.4,30,20915,26.7,24.3,2.7
ND,2083,All,Hispanic,All,940,45.1,67.9,22.8,145,5.3,20.1,-15.1
OH,35434,All,Hispanic,All,15180,42.8,76.2,33.4,19493,31.3,21.3,9.7
OK,29543,All,Hispanic,All,14701,49.8,76.7,26.9,10329,22.2,21.3,0.7
OR,38968,All,Hispanic,All,21869,56.1,77.1,21,17179,28.1,16.1,11.9
PA,93467,All,Hispanic,All,32743,35,72.6,37.6,56089,35.4,23.1,11.9
RI,14018,All,Hispanic,All,5805,41.4,70.2,28.8,7314,31.1,23,8
SC,15630,All,Hispanic,All,7433,47.6,73.8,26.2,6323,24.2,22.2,1.8
SD,3674,All,Hispanic,All,2491,67.8,83.4,15.6,1966,38,22,16
TN,19555,All,Hispanic,All,10098,51.6,75.8,24.2,8253,25.2,20.9,4.1
TX,668237,All,Hispanic,All,308589,46.2,73.3,27.1,308977,25.6,19.7,6.3
UT,24745,All,Hispanic,All,16292,65.8,78.8,13,7628,18.8,13,6
VT,342,All,Hispanic,All,,,76.3,,443,71.2,17.4,53.6
VA,43249,All,Hispanic,All,24824,57.4,79.8,22.4,12582,18.1,16,2
WA,60787,All,Hispanic,All,29315,48.2,77.5,29.3,21389,22.6,17.4,5.6
WV,2232,All,Hispanic,All,1573,70.5,79.3,8.8,261,8,25.5,-17.5
WI,24076,All,Hispanic,All,11518,47.8,78.5,30.7,13645,35.2,18.4,16.6
WY,4781,All,Hispanic,All,3051,63.8,79.9,16.1,1602,20.2,14,6
AL,207475,All,All,Male,71482,34.5,79.7,45.2,74989,19.6,14.1,5.9
AK,27063,All,All,Male,12172,45,78.8,33.8,10121,19.8,11.1,8.9
AZ,226211,All,All,Male,102136,45.2,82.1,36.9,84109,17.5,12.2,5.8
AR,130015,All,All,Male,45573,35.1,81.6,46.5,52626,20.6,14.9,6.1
CA,1054386,All,All,Male,425947,40.4,79.5,39.1,372252,17.9,11.4,6.6
CO,170948,All,All,Male,88036,51.5,84.7,33.2,44843,13.8,9.3,4.7
CT,105925,All,All,Male,49976,47.2,81.5,34.3,37202,17.9,9.7,8.3
DE,33280,All,All,Male,15145,45.5,79.9,34.4,8813,13.7,9.9,4.1
DC,20594,All,All,Male,8950,43.5,78.6,35.1,8191,24.3,16.8,7.2
FL,641660,All,All,Male,261449,40.7,81.3,40.6,244230,17.2,12,5
GA,341181,All,All,Male,137308,40.2,81,40.8,118237,18.2,13.3,4.7
HI,40490,All,All,Male,16012,39.5,78.7,39.2,17964,20.2,11,9
ID,64587,All,All,Male,37137,57.5,85.3,27.8,19724,14.5,10.2,4.8
IL,358148,All,All,Male,149530,41.8,81,39.2,138252,19.8,11,9
IN,229052,All,All,Male,97721,42.7,83.7,41,73858,16.7,11.6,5.4
IA,98670,All,All,Male,48113,48.8,86.4,37.6,36343,18.6,10.8,8.2
KS,102050,All,All,Male,46913,46,85.4,39.4,38459,20,10.7,9.3
KY,212713,All,All,Male,74957,35.2,80.4,45.2,89590,23.1,14.6,8.4
LA,186888,All,All,Male,66696,35.7,76.1,40.4,82904,24,17.5,6.5
ME,58675,All,All,Male,21334,36.4,83.1,46.7,26379,24.4,10.3,13.7
MD,157104,All,All,Male,71729,45.7,82.5,36.8,53190,17,9.6,7.4
MA,184272,All,All,Male,77627,42.1,81.8,39.7,70432,19,10.2,8.8
MI,345038,All,All,Male,137433,39.8,79.6,39.8,124422,18.5,12.3,6.7
MN,171564,All,All,Male,87152,50.8,86,35.2,53902,15.8,8.2,7.8
MS,133542,All,All,Male,45198,33.8,76.9,43.1,54431,21.9,17.8,4.2
MO,227162,All,All,Male,97257,42.8,83.4,40.6,84559,19.5,11.6,7.4
MT,40608,All,All,Male,18004,44.3,82.4,38.1,14015,16.4,11.8,4.2
NE,63847,All,All,Male,36442,57.1,88,30.9,18411,15,10.5,4.5
NV,100858,All,All,Male,44994,44.6,78.1,33.5,41667,20.3,13,7
NH,42739,All,All,Male,20853,48.8,85.9,37.1,11153,13.3,6.6,6.4
NJ,218281,All,All,Male,90709,41.6,81.2,39.6,70093,15.6,9.2,6.8
NM,82918,All,All,Male,28492,34.4,75.7,41.3,40388,24.9,17.1,7.9
NY,545500,All,All,Male,196730,36.1,76.6,40.5,244810,22.8,13.1,9.9
NC,356755,All,All,Male,147790,41.4,81.5,40.1,124311,18.3,13,5
ND,22656,All,All,Male,14405,63.6,85.9,22.3,6841,15.6,10,6
OH,403935,All,All,Male,167238,41.4,82.4,41,166712,21,11.9,9.1
OK,173634,All,All,Male,76564,44.1,80.8,36.7,69033,20.9,14.4,6.6
OR,166353,All,All,Male,71809,43.2,80.7,37.5,63926,20.2,11.5,8.5
PA,421285,All,All,Male,167945,39.9,81.5,41.6,170224,20.1,11,9
RI,36516,All,All,Male,14952,40.9,80.6,39.7,12230,17.5,11.6,5.4
SC,178818,All,All,Male,68947,38.6,80.6,42,68830,19.5,14.3,5.7
SD,29422,All,All,Male,15370,52.2,87.1,34.9,12471,21.4,11.9,9.1
TN,259852,All,All,Male,97393,37.5,82.9,45.4,102378,20.4,12.3,7.7
TX,896670,All,All,Male,430523,48,82.6,34.6,316340,18.3,13.2,4.8
UT,95329,All,All,Male,54783,57.5,88.8,31.3,24410,14.5,7.5,7.5
VT,25431,All,All,Male,10023,39.4,81.3,41.9,10436,23,10.5,12.5
VA,260601,All,All,Male,125134,48,83.9,35.9,80695,16.2,9.9,6.1
WA,254644,All,All,Male,110483,43.4,82.3,38.9,81692,16.8,9.2,7.8
WV,86655,All,All,Male,25995,30,74.9,44.9,34974,21.6,14.8,7.2
WI,182290,All,All,Male,89160,48.9,85.2,36.3,70356,20.4,10,10
WY,15931,All,All,Male,7986,50.1,86.3,36.2,5168,14.1,11,3
AL,219569,All,All,Female,66595,30.3,69.8,39.5,106066,25.1,17.7,7.3
AK,30383,All,All,Female,14294,47,70.9,23.9,10685,22.2,9.4,12.6
AZ,236055,All,All,Female,101536,43,69.9,26.9,95239,19.4,14.1,4.9
AR,140395,All,All,Female,49749,35.4,72.1,36.7,67951,25.9,17.8,8.2
CA,1040294,All,All,Female,399929,38.4,67.6,29.2,464741,20.5,13.5,7.5
CO,163205,All,All,Female,78740,48.2,75,26.8,53944,16.9,11,6
CT,104808,All,All,Female,43505,41.5,75.3,33.8,47306,21.6,11.2,10.8
DE,29828,All,All,Female,14642,49.1,73,23.9,11550,17.8,14.1,3.9
DC,24973,All,All,Female,9395,37.6,77.2,39.6,15833,35.9,19.7,16.3
FL,652697,All,All,Female,247470,37.9,71.4,33.5,317531,21.3,14.1,6.9
GA,377615,All,All,Female,141763,37.5,71.5,34,156174,21.6,15.7,6.3
HI,30165,All,All,Female,12556,41.6,71.8,30.2,13871,17.5,12,6
ID,65376,All,All,Female,28393,43.4,73.7,30.3,23896,18.8,12.2,6.8
IL,380551,All,All,Female,158001,41.5,73,31.5,168534,21.3,13,8
IN,246947,All,All,Female,95514,38.7,73.8,35.1,110226,23.1,13.6,9.4
IA,102044,All,All,Female,46518,45.6,79.5,33.9,50563,25.1,12.2,12.8
KS,99537,All,All,Female,40964,41.2,76.4,35.2,45140,23.3,13.2,9.8
KY,212814,All,All,Female,68236,32.1,71.8,39.7,122262,30.9,17.1,13.9
LA,195636,All,All,Female,63995,32.7,68.6,35.9,110284,29.1,20.9,8.1
ME,52434,All,All,Female,18430,35.1,77.2,42.1,26995,26.4,12.5,13.5
MD,190345,All,All,Female,86539,45.5,75.7,30.2,78204,20.9,10.9,10.1
MA,206175,All,All,Female,85258,41.4,75.9,34.5,105403,24.1,12.8,11.2
MI,372518,All,All,Female,130067,34.9,71.2,36.3,173864,24,14.1,9.9
MN,174690,All,All,Female,88944,50.9,80.9,30,71308,21.1,9.6,11.4
MS,149971,All,All,Female,48908,32.6,69.3,36.7,83356,30.4,20.7,9.3
MO,228321,All,All,Female,91300,40,75.5,35.5,107019,23.8,13.5,10.5
MT,34836,All,All,Female,14740,42.3,75,32.7,14871,20.3,12,8
NE,63848,All,All,Female,30667,48,81.6,33.6,26791,21.1,11.1,9.9
NV,102736,All,All,Female,41502,40.4,68.7,28.3,42036,21.4,14.7,6.3
NH,43466,All,All,Female,19463,44.8,77.4,32.6,14346,17.4,9.4,7.6
NJ,223955,All,All,Female,87267,39,72,33,100545,19.5,11.6,8.4
NM,89170,All,All,Female,31630,35.5,66.7,31.2,45895,26.3,19.4,6.6
NY,592016,All,All,Female,222504,37.6,71.1,33.5,326756,25.5,15.1,9.9
NC,364458,All,All,Female,129941,35.7,71.7,36,161165,22,15,7
ND,24401,All,All,Female,12916,52.9,80,27.1,11317,23.3,10.7,12.3
OH,440430,All,All,Female,166391,37.8,75,37.2,206416,23.9,14.7,9.3
OK,182139,All,All,Female,69526,38.2,71.9,33.7,79576,23,16.6,6.4
OR,171369,All,All,Female,71859,41.9,72.4,30.5,72099,22.5,12.7,9.3
PA,441407,All,All,Female,172299,39,74.5,35.5,220712,24,13.4,10.6
RI,43026,All,All,Female,18785,43.7,75.4,31.7,17972,22.3,14.9,7.1
SC,192313,All,All,Female,64012,33.3,70.3,37,88296,23.3,16.2,6.8
SD,25327,All,All,Female,12667,50,80,30,12886,24.2,14.1,9.9
TN,276654,All,All,Female,94047,34,71.4,37.4,130171,24.6,14.8,10.2
TX,915616,All,All,Female,402379,43.9,68.3,24.4,394000,22,15.7,6.3
UT,99599,All,All,Female,50382,50.6,71.4,20.8,34263,19.3,9.1,9.9
VT,18634,All,All,Female,6682,35.9,77.5,41.6,11215,27.6,12.7,15.3
VA,265215,All,All,Female,108374,40.9,74,33.1,110315,20.3,11.5,8.5
WA,261249,All,All,Female,105757,40.5,71.7,31.2,103488,20.3,10.8,9.2
WV,84440,All,All,Female,24819,29.4,67.8,38.4,49427,29.7,18,12
WI,179452,All,All,Female,78239,43.6,78.7,35.1,78778,22.8,11.8,11.2
WY,21841,All,All,Female,11717,53.6,74.2,20.6,8502,21,12.5,8.5
